"subj_code","condition","desktop_conf","attent_conf","intro_check","structure","first_object","learn_check_red","learn_check_yellow","red_caused_rating","yellow_caused_rating","red_maintained_rating","yellow_maintained_rating","timing_check","recorded_at","age","gender","tech_issues","timing_check_correct","learning_check_correct"
"qGAUid2VmdLb",2,"1: I confirm","1: I will take it seriously","2: A green ball lies on a brown wooden board. Then a yellow ball falls down onto the wooden board. The green ball then shoots into the air.","irreversible","yellow","1: When the red ram returned to its initial position, the wooden block remained in the blue area.","1: When the yellow ram returned to its initial position, the wooden block remained in the blue area.",0,10,0,0,"The yellow ram moved first.","2023-10-30 11:09:47",58,"1: male",NA,"correct","correct"
"DZjHDXYjPYdo",4,"1: I confirm","1: I will take it seriously","2: A green ball lies on a brown wooden board. Then a yellow ball falls down onto the wooden board. The green ball then shoots into the air.","reversible","yellow","2: When the red ram returned to its initial position, the wooden block also went back (left the blue area again).","2: When the yellow ram returned to its initial position, the wooden block also went back (left the blue area again).",0,8,9,6,"The yellow ram moved first.","2023-10-30 11:09:48",50,"2: female",NA,"correct","correct"
"WBSRnxO64N2v",3,"1: I confirm","1: I will take it seriously","1: A yellow ball lies on a brown wooden board. Then a green ball falls down onto the wooden board. The yellow ball then shoots into the air.","reversible","red","2: When the red ram returned to its initial position, the wooden block also went back (left the blue area again).","2: When the yellow ram returned to its initial position, the wooden block also went back (left the blue area again).",7,6,7,8,"The yellow ram moved first.","2023-10-30 11:09:52",61,"2: female",NA,"incorrect","correct"
"WBSRnxO64N2v",3,"1: I confirm","1: I will take it seriously","1: A yellow ball lies on a brown wooden board. Then a green ball falls down onto the wooden board. The yellow ball then shoots into the air.","reversible","red","2: When the red ram returned to its initial position, the wooden block also went back (left the blue area again).","2: When the yellow ram returned to its initial position, the wooden block also went back (left the blue area again).",7,6,7,8,"The yellow ram moved first.","2023-10-30 11:09:52",61,"2: female",NA,"incorrect","correct"
"kBxzqNRHGwnD",1,"1: I confirm","1: I will take it seriously","2: A green ball lies on a brown wooden board. Then a yellow ball falls down onto the wooden board. The green ball then shoots into the air.","irreversible","red","1: When the red ram returned to its initial position, the wooden block remained in the blue area.","1: When the yellow ram returned to its initial position, the wooden block remained in the blue area.",10,0,10,0,"The red ram moved first.","2023-10-30 11:09:53",24,"1: male",NA,"correct","correct"
"ww9O1ttNolDk",1,"1: I confirm","1: I will take it seriously","2: A green ball lies on a brown wooden board. Then a yellow ball falls down onto the wooden board. The green ball then shoots into the air.","irreversible","red","1: When the red ram returned to its initial position, the wooden block remained in the blue area.","1: When the yellow ram returned to its initial position, the wooden block remained in the blue area.",9,0,7,7,"The red ram moved first.","2023-10-30 11:09:53",27,"2: female",NA,"correct","correct"
"i3Kuem0W8uTX",4,"1: I confirm","1: I will take it seriously","2: A green ball lies on a brown wooden board. Then a yellow ball falls down onto the wooden board. The green ball then shoots into the air.","reversible","yellow","2: When the red ram returned to its initial position, the wooden block also went back (left the blue area again).","2: When the yellow ram returned to its initial position, the wooden block also went back (left the blue area again).",0,10,0,8,"The yellow ram moved first.","2023-10-30 11:09:55",31,"2: female","none","correct","correct"
"43mDPHu5M7pp",2,"1: I confirm","1: I will take it seriously","2: A green ball lies on a brown wooden board. Then a yellow ball falls down onto the wooden board. The green ball then shoots into the air.","irreversible","yellow","1: When the red ram returned to its initial position, the wooden block remained in the blue area.","1: When the yellow ram returned to its initial position, the wooden block remained in the blue area.",0,10,7,10,"The yellow ram moved first.","2023-10-30 11:09:56",45,"1: male","None","correct","correct"
"GTnP2hAvAYyD",2,"1: I confirm","1: I will take it seriously","2: A green ball lies on a brown wooden board. Then a yellow ball falls down onto the wooden board. The green ball then shoots into the air.","irreversible","yellow","1: When the red ram returned to its initial position, the wooden block remained in the blue area.","1: When the yellow ram returned to its initial position, the wooden block remained in the blue area.",0,10,0,0,"The yellow ram moved first.","2023-10-30 11:09:59",67,"1: male",NA,"correct","correct"
"TEaMo1TZWFZl",1,"1: I confirm","1: I will take it seriously","2: A green ball lies on a brown wooden board. Then a yellow ball falls down onto the wooden board. The green ball then shoots into the air.","irreversible","red","1: When the red ram returned to its initial position, the wooden block remained in the blue area.","1: When the yellow ram returned to its initial position, the wooden block remained in the blue area.",10,1,10,10,"The red ram moved first.","2023-10-30 11:10:05",38,"1: male","none","correct","correct"
"Gz36MBRyRQBf",4,"1: I confirm","1: I will take it seriously","2: A green ball lies on a brown wooden board. Then a yellow ball falls down onto the wooden board. The green ball then shoots into the air.","reversible","yellow","2: When the red ram returned to its initial position, the wooden block also went back (left the blue area again).","2: When the yellow ram returned to its initial position, the wooden block also went back (left the blue area again).",10,10,10,10,"The yellow ram moved first.","2023-10-30 11:10:05",59,"1: male","no errors","correct","correct"
"QjB76fg1be0O",3,"1: I confirm","1: I will take it seriously","2: A green ball lies on a brown wooden board. Then a yellow ball falls down onto the wooden board. The green ball then shoots into the air.","reversible","red","2: When the red ram returned to its initial position, the wooden block also went back (left the blue area again).","2: When the yellow ram returned to its initial position, the wooden block also went back (left the blue area again).",10,0,10,10,"The red ram moved first.","2023-10-30 11:10:06",52,"2: female",NA,"correct","correct"
"tnXdjlPds1dL",4,"1: I confirm","1: I will take it seriously","2: A green ball lies on a brown wooden board. Then a yellow ball falls down onto the wooden board. The green ball then shoots into the air.","reversible","yellow","2: When the red ram returned to its initial position, the wooden block also went back (left the blue area again).","2: When the yellow ram returned to its initial position, the wooden block also went back (left the blue area again).",0,10,10,0,"The yellow ram moved first.","2023-10-30 11:10:07",20,"2: female",NA,"correct","correct"
"T1EiDQGKfEYw",2,"1: I confirm","1: I will take it seriously","2: A green ball lies on a brown wooden board. Then a yellow ball falls down onto the wooden board. The green ball then shoots into the air.","irreversible","yellow","1: When the red ram returned to its initial position, the wooden block remained in the blue area.","1: When the yellow ram returned to its initial position, the wooden block remained in the blue area.",1,9,2,9,"The yellow ram moved first.","2023-10-30 11:10:09",35,"1: male",NA,"correct","correct"
"rNDF0X4u2hce",1,"1: I confirm","1: I will take it seriously","2: A green ball lies on a brown wooden board. Then a yellow ball falls down onto the wooden board. The green ball then shoots into the air.","irreversible","red","1: When the red ram returned to its initial position, the wooden block remained in the blue area.","1: When the yellow ram returned to its initial position, the wooden block remained in the blue area.",10,0,9,7,"The red ram moved first.","2023-10-30 11:10:10",64,"2: female","Would the block have stayed in the blue area without the yellow ram holding it? I think that can only  be guessed.","correct","correct"
"03LwtnCNaiGQ",3,"1: I confirm","1: I will take it seriously","2: A green ball lies on a brown wooden board. Then a yellow ball falls down onto the wooden board. The green ball then shoots into the air.","reversible","red","2: When the red ram returned to its initial position, the wooden block also went back (left the blue area again).","2: When the yellow ram returned to its initial position, the wooden block also went back (left the blue area again).",7,7,7,7,"The red ram moved first.","2023-10-30 11:10:12",28,"1: male",NA,"correct","correct"
"uaXljuKHJfbh",4,"1: I confirm","1: I will take it seriously","2: A green ball lies on a brown wooden board. Then a yellow ball falls down onto the wooden board. The green ball then shoots into the air.","reversible","yellow","2: When the red ram returned to its initial position, the wooden block also went back (left the blue area again).","2: When the yellow ram returned to its initial position, the wooden block also went back (left the blue area again).",0,10,10,0,"The yellow ram moved first.","2023-10-30 11:10:12",59,"2: female",NA,"correct","correct"
"Wmq3vD15V2r8",3,"1: I confirm","1: I will take it seriously","2: A green ball lies on a brown wooden board. Then a yellow ball falls down onto the wooden board. The green ball then shoots into the air.","reversible","red","2: When the red ram returned to its initial position, the wooden block also went back (left the blue area again).","2: When the yellow ram returned to its initial position, the wooden block also went back (left the blue area again).",10,1,6,6,"The red ram moved first.","2023-10-30 11:10:18",48,"1: male","no errors","correct","correct"
"O9CIr9TnskiV",1,"1: I confirm","1: I will take it seriously","3: A green ball lies on a silver iron board. Then a yellow ball falls down onto the iron board. The green ball then shoots into the air.","irreversible","red","1: When the red ram returned to its initial position, the wooden block remained in the blue area.","1: When the yellow ram returned to its initial position, the wooden block remained in the blue area.",10,0,3,3,"The red ram moved first.","2023-10-30 11:10:18",43,"2: female","no issues - good luck with your research","correct","correct"
"0mJtEUCvvRaG",1,"1: I confirm","1: I will take it seriously","2: A green ball lies on a brown wooden board. Then a yellow ball falls down onto the wooden board. The green ball then shoots into the air.","irreversible","red","1: When the red ram returned to its initial position, the wooden block remained in the blue area.","1: When the yellow ram returned to its initial position, the wooden block remained in the blue area.",10,0,0,0,"The red ram moved first.","2023-10-30 11:10:20",24,"1: male",NA,"correct","correct"
"8YKJ010EsNj5",3,"1: I confirm","1: I will take it seriously","2: A green ball lies on a brown wooden board. Then a yellow ball falls down onto the wooden board. The green ball then shoots into the air.","reversible","red","2: When the red ram returned to its initial position, the wooden block also went back (left the blue area again).","2: When the yellow ram returned to its initial position, the wooden block also went back (left the blue area again).",10,0,10,10,"The red ram moved first.","2023-10-30 11:10:20",36,"3: non-binary",NA,"correct","correct"
"GM4vlB0oa2A4",4,"1: I confirm","1: I will take it seriously","2: A green ball lies on a brown wooden board. Then a yellow ball falls down onto the wooden board. The green ball then shoots into the air.","reversible","yellow","2: When the red ram returned to its initial position, the wooden block also went back (left the blue area again).","2: When the yellow ram returned to its initial position, the wooden block also went back (left the blue area again).",1,10,0,9,"The yellow ram moved first.","2023-10-30 11:10:21",61,"2: female","No errors, all good","correct","correct"
"PtL1kCjdPG99",4,"1: I confirm","1: I will take it seriously","2: A green ball lies on a brown wooden board. Then a yellow ball falls down onto the wooden board. The green ball then shoots into the air.","reversible","yellow","2: When the red ram returned to its initial position, the wooden block also went back (left the blue area again).","2: When the yellow ram returned to its initial position, the wooden block also went back (left the blue area again).",10,10,10,6,"The yellow ram moved first.","2023-10-30 11:10:21",42,"2: female",NA,"correct","correct"
"M1vp6hPQxcI2",1,"1: I confirm","1: I will take it seriously","2: A green ball lies on a brown wooden board. Then a yellow ball falls down onto the wooden board. The green ball then shoots into the air.","irreversible","red","1: When the red ram returned to its initial position, the wooden block remained in the blue area.","1: When the yellow ram returned to its initial position, the wooden block remained in the blue area.",10,0,9,9,"The red ram moved first.","2023-10-30 11:10:23",31,"1: male",NA,"correct","correct"
"IywV9ZYlFkiG",2,"1: I confirm","1: I will take it seriously","2: A green ball lies on a brown wooden board. Then a yellow ball falls down onto the wooden board. The green ball then shoots into the air.","irreversible","yellow","1: When the red ram returned to its initial position, the wooden block remained in the blue area.","1: When the yellow ram returned to its initial position, the wooden block remained in the blue area.",2,10,3,8,"The yellow ram moved first.","2023-10-30 11:10:24",58,"2: female","all ok","correct","correct"
"EP7WfePzCGs1",3,"1: I confirm","1: I will take it seriously","2: A green ball lies on a brown wooden board. Then a yellow ball falls down onto the wooden board. The green ball then shoots into the air.","reversible","red","2: When the red ram returned to its initial position, the wooden block also went back (left the blue area again).","2: When the yellow ram returned to its initial position, the wooden block also went back (left the blue area again).",10,0,10,10,"The red ram moved first.","2023-10-30 11:10:24",38,"1: male","DIDN'T SEE ANY","correct","correct"
"wt0dpCT38ar5",4,"1: I confirm","1: I will take it seriously","2: A green ball lies on a brown wooden board. Then a yellow ball falls down onto the wooden board. The green ball then shoots into the air.","reversible","yellow","2: When the red ram returned to its initial position, the wooden block also went back (left the blue area again).","2: When the yellow ram returned to its initial position, the wooden block also went back (left the blue area again).",0,10,2,8,"The yellow ram moved first.","2023-10-30 11:10:25",56,"2: female","none","correct","correct"
"LWz30caQHu36",1,"1: I confirm","1: I will take it seriously","2: A green ball lies on a brown wooden board. Then a yellow ball falls down onto the wooden board. The green ball then shoots into the air.","irreversible","red","1: When the red ram returned to its initial position, the wooden block remained in the blue area.","1: When the yellow ram returned to its initial position, the wooden block remained in the blue area.",10,0,5,7,"The red ram moved first.","2023-10-30 11:10:26",46,"1: male",NA,"correct","correct"
"CQ0IHHpDrLDd",3,"1: I confirm","1: I will take it seriously","2: A green ball lies on a brown wooden board. Then a yellow ball falls down onto the wooden board. The green ball then shoots into the air.","reversible","red","2: When the red ram returned to its initial position, the wooden block also went back (left the blue area again).","2: When the yellow ram returned to its initial position, the wooden block also went back (left the blue area again).",10,10,6,6,"The red ram moved first.","2023-10-30 11:10:26",67,"1: male","no problems encountered","correct","correct"
"PlGD0slNClWl",1,"1: I confirm","1: I will take it seriously","2: A green ball lies on a brown wooden board. Then a yellow ball falls down onto the wooden board. The green ball then shoots into the air.","irreversible","red","2: When the red ram returned to its initial position, the wooden block also went back (left the blue area again).","1: When the yellow ram returned to its initial position, the wooden block remained in the blue area.",10,0,2,0,"The red ram moved first.","2023-10-30 11:10:27",66,"1: male",NA,"correct","correct"
"CqGhOmbY1mTD",2,"1: I confirm","1: I will take it seriously","2: A green ball lies on a brown wooden board. Then a yellow ball falls down onto the wooden board. The green ball then shoots into the air.","irreversible","yellow","1: When the red ram returned to its initial position, the wooden block remained in the blue area.","1: When the yellow ram returned to its initial position, the wooden block remained in the blue area.",2,10,10,10,"The yellow ram moved first.","2023-10-30 11:10:27",76,"1: male",NA,"correct","correct"
"wsG3w6Elrfuv",4,"1: I confirm","1: I will take it seriously","2: A green ball lies on a brown wooden board. Then a yellow ball falls down onto the wooden board. The green ball then shoots into the air.","reversible","yellow","2: When the red ram returned to its initial position, the wooden block also went back (left the blue area again).","2: When the yellow ram returned to its initial position, the wooden block also went back (left the blue area again).",0,10,0,10,"The yellow ram moved first.","2023-10-30 11:10:27",53,"1: male",NA,"correct","correct"
"LYYpXnUvJO59",3,"1: I confirm","1: I will take it seriously","2: A green ball lies on a brown wooden board. Then a yellow ball falls down onto the wooden board. The green ball then shoots into the air.","reversible","red","2: When the red ram returned to its initial position, the wooden block also went back (left the blue area again).","2: When the yellow ram returned to its initial position, the wooden block also went back (left the blue area again).",7,7,8,8,"The red ram moved first.","2023-10-30 11:10:28",49,"2: female",NA,"correct","correct"
"J67h9gNMzeTh",4,"1: I confirm","1: I will take it seriously","2: A green ball lies on a brown wooden board. Then a yellow ball falls down onto the wooden board. The green ball then shoots into the air.","reversible","yellow","2: When the red ram returned to its initial position, the wooden block also went back (left the blue area again).","2: When the yellow ram returned to its initial position, the wooden block also went back (left the blue area again).",1,9,10,0,"The yellow ram moved first.","2023-10-30 11:10:28",23,"2: female","No errors occurred during the study.","correct","correct"
"PPNJGsmGlutP",1,"1: I confirm","1: I will take it seriously","2: A green ball lies on a brown wooden board. Then a yellow ball falls down onto the wooden board. The green ball then shoots into the air.","irreversible","red","1: When the red ram returned to its initial position, the wooden block remained in the blue area.","1: When the yellow ram returned to its initial position, the wooden block remained in the blue area.",10,0,0,0,"The red ram moved first.","2023-10-30 11:10:30",34,"1: male",NA,"correct","correct"
"SzX0h4O4Xj3H",2,"1: I confirm","1: I will take it seriously","2: A green ball lies on a brown wooden board. Then a yellow ball falls down onto the wooden board. The green ball then shoots into the air.","irreversible","yellow","1: When the red ram returned to its initial position, the wooden block remained in the blue area.","1: When the yellow ram returned to its initial position, the wooden block remained in the blue area.",10,10,10,10,"The yellow ram moved first.","2023-10-30 11:10:31",51,"2: female",NA,"correct","correct"
"DLaYxF5Kmxrw",3,"1: I confirm","1: I will take it seriously","2: A green ball lies on a brown wooden board. Then a yellow ball falls down onto the wooden board. The green ball then shoots into the air.","reversible","red","2: When the red ram returned to its initial position, the wooden block also went back (left the blue area again).","2: When the yellow ram returned to its initial position, the wooden block also went back (left the blue area again).",10,2,9,9,"The red ram moved first.","2023-10-30 11:10:32",49,"2: female",NA,"correct","correct"
"O1fHjL6IAidO",4,"1: I confirm","1: I will take it seriously","2: A green ball lies on a brown wooden board. Then a yellow ball falls down onto the wooden board. The green ball then shoots into the air.","reversible","yellow","2: When the red ram returned to its initial position, the wooden block also went back (left the blue area again).","2: When the yellow ram returned to its initial position, the wooden block also went back (left the blue area again).",3,10,9,9,"The yellow ram moved first.","2023-10-30 11:10:33",60,"1: male","No errors","correct","correct"
"KZCT4n7f0dfe",1,"1: I confirm","1: I will take it seriously","2: A green ball lies on a brown wooden board. Then a yellow ball falls down onto the wooden board. The green ball then shoots into the air.","irreversible","red","1: When the red ram returned to its initial position, the wooden block remained in the blue area.","1: When the yellow ram returned to its initial position, the wooden block remained in the blue area.",10,0,6,6,"The red ram moved first.","2023-10-30 11:10:34",55,"2: female","no errors","correct","correct"
"tNezCz74ry46",2,"1: I confirm","1: I will take it seriously","2: A green ball lies on a brown wooden board. Then a yellow ball falls down onto the wooden board. The green ball then shoots into the air.","irreversible","yellow","1: When the red ram returned to its initial position, the wooden block remained in the blue area.","1: When the yellow ram returned to its initial position, the wooden block remained in the blue area.",4,6,5,4,"The yellow ram moved first.","2023-10-30 11:10:34",66,"2: female",NA,"correct","correct"
"u53ncef5BiYt",3,"1: I confirm","1: I will take it seriously","2: A green ball lies on a brown wooden board. Then a yellow ball falls down onto the wooden board. The green ball then shoots into the air.","reversible","red","2: When the red ram returned to its initial position, the wooden block also went back (left the blue area again).","2: When the yellow ram returned to its initial position, the wooden block also went back (left the blue area again).",10,0,10,10,"The red ram moved first.","2023-10-30 11:10:34",44,"2: female","No technical errors or issues at all.","correct","correct"
"PFhd7flhBqmZ",4,"1: I confirm","1: I will take it seriously","3: A green ball lies on a silver iron board. Then a yellow ball falls down onto the iron board. The green ball then shoots into the air.","reversible","yellow","2: When the red ram returned to its initial position, the wooden block also went back (left the blue area again).","2: When the yellow ram returned to its initial position, the wooden block also went back (left the blue area again).",0,10,10,10,"The yellow ram moved first.","2023-10-30 11:10:35",63,"1: male",NA,"correct","correct"
"7FX3tmHHtJAs",1,"1: I confirm","1: I will take it seriously","2: A green ball lies on a brown wooden board. Then a yellow ball falls down onto the wooden board. The green ball then shoots into the air.","irreversible","red","1: When the red ram returned to its initial position, the wooden block remained in the blue area.","1: When the yellow ram returned to its initial position, the wooden block remained in the blue area.",10,4,9,4,"The red ram moved first.","2023-10-30 11:10:38",49,"2: female",NA,"correct","correct"
"369aKDw3yleB",2,"1: I confirm","1: I will take it seriously","2: A green ball lies on a brown wooden board. Then a yellow ball falls down onto the wooden board. The green ball then shoots into the air.","irreversible","yellow","1: When the red ram returned to its initial position, the wooden block remained in the blue area.","1: When the yellow ram returned to its initial position, the wooden block remained in the blue area.",5,6,4,6,"The yellow ram moved first.","2023-10-30 11:10:38",40,"2: female",NA,"correct","correct"
"kVdcHRcQcK1p",2,"1: I confirm","1: I will take it seriously","2: A green ball lies on a brown wooden board. Then a yellow ball falls down onto the wooden board. The green ball then shoots into the air.","irreversible","yellow","1: When the red ram returned to its initial position, the wooden block remained in the blue area.","1: When the yellow ram returned to its initial position, the wooden block remained in the blue area.",8,10,2,9,"The yellow ram moved first.","2023-10-30 11:10:39",28,"2: female","nil","correct","correct"
"wkB1osuAn8sR",3,"1: I confirm","1: I will take it seriously","2: A green ball lies on a brown wooden board. Then a yellow ball falls down onto the wooden board. The green ball then shoots into the air.","reversible","red","2: When the red ram returned to its initial position, the wooden block also went back (left the blue area again).","2: When the yellow ram returned to its initial position, the wooden block also went back (left the blue area again).",10,1,10,10,"The red ram moved first.","2023-10-30 11:10:39",30,"1: male",NA,"correct","correct"
"s6vZBe2ZTNEX",4,"1: I confirm","1: I will take it seriously","2: A green ball lies on a brown wooden board. Then a yellow ball falls down onto the wooden board. The green ball then shoots into the air.","reversible","yellow","2: When the red ram returned to its initial position, the wooden block also went back (left the blue area again).","2: When the yellow ram returned to its initial position, the wooden block also went back (left the blue area again).",2,10,10,10,"The yellow ram moved first.","2023-10-30 11:10:41",21,"1: male",NA,"correct","correct"
"BwaMgOPHG5nL",1,"1: I confirm","1: I will take it seriously","2: A green ball lies on a brown wooden board. Then a yellow ball falls down onto the wooden board. The green ball then shoots into the air.","irreversible","red","1: When the red ram returned to its initial position, the wooden block remained in the blue area.","1: When the yellow ram returned to its initial position, the wooden block remained in the blue area.",10,0,1,1,"The red ram moved first.","2023-10-30 11:10:46",49,"2: female","I didn't notice any errors.","correct","correct"
"TxWtTXCYDfAG",4,"1: I confirm","1: I will take it seriously","2: A green ball lies on a brown wooden board. Then a yellow ball falls down onto the wooden board. The green ball then shoots into the air.","reversible","yellow","2: When the red ram returned to its initial position, the wooden block also went back (left the blue area again).","2: When the yellow ram returned to its initial position, the wooden block also went back (left the blue area again).",0,10,10,9,"The yellow ram moved first.","2023-10-30 11:10:48",54,"2: female","All good, Thank you.","correct","correct"
"hxO0raMF1Ehd",2,"1: I confirm","1: I will take it seriously","2: A green ball lies on a brown wooden board. Then a yellow ball falls down onto the wooden board. The green ball then shoots into the air.","irreversible","yellow","1: When the red ram returned to its initial position, the wooden block remained in the blue area.","1: When the yellow ram returned to its initial position, the wooden block remained in the blue area.",5,7,8,7,"The yellow ram moved first.","2023-10-30 11:10:58",29,"1: male","There were none that I could see.","correct","correct"
"DtFcrcpHcEDj",4,"1: I confirm","1: I will take it seriously","2: A green ball lies on a brown wooden board. Then a yellow ball falls down onto the wooden board. The green ball then shoots into the air.","reversible","yellow","2: When the red ram returned to its initial position, the wooden block also went back (left the blue area again).","2: When the yellow ram returned to its initial position, the wooden block also went back (left the blue area again).",3,10,8,5,"The yellow ram moved first.","2023-10-30 11:11:01",38,"2: female",NA,"correct","correct"
"wJ8750EAtdgh",2,"1: I confirm","1: I will take it seriously","2: A green ball lies on a brown wooden board. Then a yellow ball falls down onto the wooden board. The green ball then shoots into the air.","irreversible","yellow","1: When the red ram returned to its initial position, the wooden block remained in the blue area.","1: When the yellow ram returned to its initial position, the wooden block remained in the blue area.",0,10,8,8,"The yellow ram moved first.","2023-10-30 11:11:06",26,"1: male","none","correct","correct"
"lE3QYN5YGcGm",3,"1: I confirm","1: I will take it seriously","2: A green ball lies on a brown wooden board. Then a yellow ball falls down onto the wooden board. The green ball then shoots into the air.","reversible","red","2: When the red ram returned to its initial position, the wooden block also went back (left the blue area again).","2: When the yellow ram returned to its initial position, the wooden block also went back (left the blue area again).",10,2,10,10,"The red ram moved first.","2023-10-30 11:11:06",28,"2: female","no error or issues","correct","correct"
"8kA82yoqGkYk",4,"1: I confirm","1: I will take it seriously","2: A green ball lies on a brown wooden board. Then a yellow ball falls down onto the wooden board. The green ball then shoots into the air.","reversible","yellow","2: When the red ram returned to its initial position, the wooden block also went back (left the blue area again).","2: When the yellow ram returned to its initial position, the wooden block also went back (left the blue area again).",0,10,10,10,"The yellow ram moved first.","2023-10-30 11:11:13",33,"2: female",NA,"correct","correct"
"BgY1jjR6yQWS",1,"1: I confirm","1: I will take it seriously","2: A green ball lies on a brown wooden board. Then a yellow ball falls down onto the wooden board. The green ball then shoots into the air.","irreversible","red","1: When the red ram returned to its initial position, the wooden block remained in the blue area.","1: When the yellow ram returned to its initial position, the wooden block remained in the blue area.",10,0,10,0,"The red ram moved first.","2023-10-30 11:11:45",24,"2: female",NA,"correct","correct"
"MJIHEByVphck",2,"1: I confirm","1: I will take it seriously","2: A green ball lies on a brown wooden board. Then a yellow ball falls down onto the wooden board. The green ball then shoots into the air.","irreversible","yellow","1: When the red ram returned to its initial position, the wooden block remained in the blue area.","1: When the yellow ram returned to its initial position, the wooden block remained in the blue area.",0,10,0,7,"The red ram moved first.","2023-10-30 11:12:53",30,"1: male","None","incorrect","correct"
"6zA16opkmc7M",4,"1: I confirm","1: I will take it seriously","2: A green ball lies on a brown wooden board. Then a yellow ball falls down onto the wooden board. The green ball then shoots into the air.","reversible","yellow","2: When the red ram returned to its initial position, the wooden block also went back (left the blue area again).","2: When the yellow ram returned to its initial position, the wooden block also went back (left the blue area again).",1,10,5,10,"The yellow ram moved first.","2023-10-30 11:15:01",26,"1: male",NA,"correct","correct"
"2jcmydCarg6K",3,"1: I confirm","1: I will take it seriously","2: A green ball lies on a brown wooden board. Then a yellow ball falls down onto the wooden board. The green ball then shoots into the air.","reversible","red","2: When the red ram returned to its initial position, the wooden block also went back (left the blue area again).","2: When the yellow ram returned to its initial position, the wooden block also went back (left the blue area again).",10,0,10,10,"The red ram moved first.","2023-10-30 11:15:08",27,"1: male",NA,"correct","correct"
"L2UCUL12eSGK",4,"1: I confirm","1: I will take it seriously","2: A green ball lies on a brown wooden board. Then a yellow ball falls down onto the wooden board. The green ball then shoots into the air.","reversible","yellow","2: When the red ram returned to its initial position, the wooden block also went back (left the blue area again).","2: When the yellow ram returned to its initial position, the wooden block also went back (left the blue area again).",1,10,8,9,"The yellow ram moved first.","2023-10-30 11:15:53",52,"1: male","None","correct","correct"
"d3KOoukqDfES",2,"1: I confirm","1: I will take it seriously","3: A green ball lies on a silver iron board. Then a yellow ball falls down onto the iron board. The green ball then shoots into the air.","irreversible","yellow","1: When the red ram returned to its initial position, the wooden block remained in the blue area.","1: When the yellow ram returned to its initial position, the wooden block remained in the blue area.",0,10,7,7,"The yellow ram moved first.","2023-10-30 11:15:54",39,"1: male",NA,"correct","correct"
"UnPiuFGdV8Gf",2,"1: I confirm","1: I will take it seriously","2: A green ball lies on a brown wooden board. Then a yellow ball falls down onto the wooden board. The green ball then shoots into the air.","irreversible","yellow","1: When the red ram returned to its initial position, the wooden block remained in the blue area.","1: When the yellow ram returned to its initial position, the wooden block remained in the blue area.",0,10,2,7,"The yellow ram moved first.","2023-10-30 11:16:02",48,"1: male","no problems","correct","correct"
"JuiaD2pcpGh8",4,"1: I confirm","1: I will take it seriously","2: A green ball lies on a brown wooden board. Then a yellow ball falls down onto the wooden board. The green ball then shoots into the air.","reversible","yellow","2: When the red ram returned to its initial position, the wooden block also went back (left the blue area again).","2: When the yellow ram returned to its initial position, the wooden block also went back (left the blue area again).",10,10,0,8,"The yellow ram moved first.","2023-10-30 11:16:04",25,"1: male",NA,"correct","correct"
"TcVdVGuqi11y",3,"1: I confirm","1: I will take it seriously","2: A green ball lies on a brown wooden board. Then a yellow ball falls down onto the wooden board. The green ball then shoots into the air.","reversible","red","2: When the red ram returned to its initial position, the wooden block also went back (left the blue area again).","2: When the yellow ram returned to its initial position, the wooden block also went back (left the blue area again).",9,0,9,9,"The red ram moved first.","2023-10-30 11:16:07",46,"2: female","None","correct","correct"
"F2bfU8tGyHlU",2,"1: I confirm","1: I will take it seriously","2: A green ball lies on a brown wooden board. Then a yellow ball falls down onto the wooden board. The green ball then shoots into the air.","irreversible","yellow","1: When the red ram returned to its initial position, the wooden block remained in the blue area.","1: When the yellow ram returned to its initial position, the wooden block remained in the blue area.",0,10,0,7,"The yellow ram moved first.","2023-10-30 11:16:13",32,"1: male",NA,"correct","correct"
"TjaFTU1YPHbq",4,"1: I confirm","1: I will take it seriously","2: A green ball lies on a brown wooden board. Then a yellow ball falls down onto the wooden board. The green ball then shoots into the air.","reversible","yellow","2: When the red ram returned to its initial position, the wooden block also went back (left the blue area again).","2: When the yellow ram returned to its initial position, the wooden block also went back (left the blue area again).",0,10,10,10,"The yellow ram moved first.","2023-10-30 11:16:17",40,"1: male",NA,"correct","correct"
"GjfJkMI5prgA",2,"1: I confirm","1: I will take it seriously","3: A green ball lies on a silver iron board. Then a yellow ball falls down onto the iron board. The green ball then shoots into the air.","irreversible","yellow","1: When the red ram returned to its initial position, the wooden block remained in the blue area.","1: When the yellow ram returned to its initial position, the wooden block remained in the blue area.",0,10,10,10,"The yellow ram moved first.","2023-10-30 11:16:20",25,"2: female","N/A","correct","correct"
"26Cn8YHzJjAW",3,"1: I confirm","1: I will take it seriously","2: A green ball lies on a brown wooden board. Then a yellow ball falls down onto the wooden board. The green ball then shoots into the air.","reversible","red","2: When the red ram returned to its initial position, the wooden block also went back (left the blue area again).","2: When the yellow ram returned to its initial position, the wooden block also went back (left the blue area again).",10,0,10,4,"The red ram moved first.","2023-10-30 11:16:50",25,"2: female",NA,"correct","correct"
"JhLbvTJKIIDN",3,"1: I confirm","1: I will take it seriously","2: A green ball lies on a brown wooden board. Then a yellow ball falls down onto the wooden board. The green ball then shoots into the air.","reversible","red","2: When the red ram returned to its initial position, the wooden block also went back (left the blue area again).","2: When the yellow ram returned to its initial position, the wooden block also went back (left the blue area again).",10,10,9,10,"The red ram moved first.","2023-10-30 11:17:44",27,"2: female",NA,"correct","correct"
"344hAX0QxEhw",3,"1: I confirm","1: I will take it seriously","2: A green ball lies on a brown wooden board. Then a yellow ball falls down onto the wooden board. The green ball then shoots into the air.","reversible","red","1: When the red ram returned to its initial position, the wooden block remained in the blue area.","1: When the yellow ram returned to its initial position, the wooden block remained in the blue area.",10,0,10,10,"The red ram moved first.","2023-10-30 11:19:28",32,"1: male","none","correct","incorrect"
"Cg4SFSuT37VC",1,"1: I confirm","1: I will take it seriously","2: A green ball lies on a brown wooden board. Then a yellow ball falls down onto the wooden board. The green ball then shoots into the air.","irreversible","red","1: When the red ram returned to its initial position, the wooden block remained in the blue area.","1: When the yellow ram returned to its initial position, the wooden block remained in the blue area.",5,3,5,4,"The red ram moved first.","2023-10-30 11:20:46",54,"2: female","ok","correct","correct"
"wn6UPc7rhVE6",4,"1: I confirm","1: I will take it seriously","2: A green ball lies on a brown wooden board. Then a yellow ball falls down onto the wooden board. The green ball then shoots into the air.","reversible","yellow","2: When the red ram returned to its initial position, the wooden block also went back (left the blue area again).","2: When the yellow ram returned to its initial position, the wooden block also went back (left the blue area again).",0,10,4,10,"The yellow ram moved first.","2023-10-30 11:47:10",25,"1: male",NA,"correct","correct"
"eowg6XEucqyC",3,"1: I confirm","1: I will take it seriously","2: A green ball lies on a brown wooden board. Then a yellow ball falls down onto the wooden board. The green ball then shoots into the air.","reversible","red","2: When the red ram returned to its initial position, the wooden block also went back (left the blue area again).","2: When the yellow ram returned to its initial position, the wooden block also went back (left the blue area again).",10,0,0,10,"The red ram moved first.","2023-10-30 11:47:12",31,"2: female",NA,"correct","correct"
"gDTJmkWjmyLa",1,"1: I confirm","1: I will take it seriously","2: A green ball lies on a brown wooden board. Then a yellow ball falls down onto the wooden board. The green ball then shoots into the air.","irreversible","red","1: When the red ram returned to its initial position, the wooden block remained in the blue area.","1: When the yellow ram returned to its initial position, the wooden block remained in the blue area.",10,0,10,0,"The red ram moved first.","2023-10-30 11:47:15",35,"1: male",NA,"correct","correct"
"qDg3zoEhR9jA",2,"1: I confirm","1: I will take it seriously","2: A green ball lies on a brown wooden board. Then a yellow ball falls down onto the wooden board. The green ball then shoots into the air.","irreversible","yellow","1: When the red ram returned to its initial position, the wooden block remained in the blue area.","1: When the yellow ram returned to its initial position, the wooden block remained in the blue area.",0,10,10,10,"The yellow ram moved first.","2023-10-30 11:47:15",19,"1: male",NA,"correct","correct"
"2KFK6OmfPfOH",1,"1: I confirm","1: I will take it seriously","2: A green ball lies on a brown wooden board. Then a yellow ball falls down onto the wooden board. The green ball then shoots into the air.","irreversible","red","1: When the red ram returned to its initial position, the wooden block remained in the blue area.","1: When the yellow ram returned to its initial position, the wooden block remained in the blue area.",10,0,10,10,"The red ram moved first.","2023-10-30 11:47:19",54,"1: male","None. Entire project and its presentation was seemlessly perfect. Bravo.","correct","correct"
"rqx68J5nNnDP",2,"1: I confirm","1: I will take it seriously","2: A green ball lies on a brown wooden board. Then a yellow ball falls down onto the wooden board. The green ball then shoots into the air.","irreversible","yellow","1: When the red ram returned to its initial position, the wooden block remained in the blue area.","1: When the yellow ram returned to its initial position, the wooden block remained in the blue area.",0,10,4,10,"The yellow ram moved first.","2023-10-30 11:47:20",28,"2: female",NA,"correct","correct"
"m54gbT8BZdzj",4,"1: I confirm","1: I will take it seriously","2: A green ball lies on a brown wooden board. Then a yellow ball falls down onto the wooden board. The green ball then shoots into the air.","reversible","yellow","2: When the red ram returned to its initial position, the wooden block also went back (left the blue area again).","2: When the yellow ram returned to its initial position, the wooden block also went back (left the blue area again).",0,10,7,4,"The yellow ram moved first.","2023-10-30 11:47:20",29,"1: male",NA,"correct","correct"
"eR8SedcALkRf",2,"1: I confirm","1: I will take it seriously","2: A green ball lies on a brown wooden board. Then a yellow ball falls down onto the wooden board. The green ball then shoots into the air.","irreversible","yellow","2: When the red ram returned to its initial position, the wooden block also went back (left the blue area again).","1: When the yellow ram returned to its initial position, the wooden block remained in the blue area.",5,7,4,7,"The red ram moved first.","2023-10-30 11:47:20",23,"1: male",NA,"incorrect","correct"
"LqsTjxDsick2",1,"1: I confirm","1: I will take it seriously","2: A green ball lies on a brown wooden board. Then a yellow ball falls down onto the wooden board. The green ball then shoots into the air.","irreversible","red","1: When the red ram returned to its initial position, the wooden block remained in the blue area.","1: When the yellow ram returned to its initial position, the wooden block remained in the blue area.",10,1,10,1,"The red ram moved first.","2023-10-30 11:47:21",37,"1: male",NA,"correct","correct"
"Ka7PFC3xZT2b",3,"1: I confirm","1: I will take it seriously","2: A green ball lies on a brown wooden board. Then a yellow ball falls down onto the wooden board. The green ball then shoots into the air.","reversible","red","2: When the red ram returned to its initial position, the wooden block also went back (left the blue area again).","2: When the yellow ram returned to its initial position, the wooden block also went back (left the blue area again).",10,0,9,9,"The red ram moved first.","2023-10-30 11:47:22",48,"1: male","I did not notice any errors.","correct","correct"
"odFiGmF0xnE8",4,"1: I confirm","1: I will take it seriously","3: A green ball lies on a silver iron board. Then a yellow ball falls down onto the iron board. The green ball then shoots into the air.","reversible","yellow","2: When the red ram returned to its initial position, the wooden block also went back (left the blue area again).","2: When the yellow ram returned to its initial position, the wooden block also went back (left the blue area again).",10,0,8,0,"The yellow ram moved first.","2023-10-30 11:47:22",66,"1: male",NA,"correct","correct"
"CgxZAphI7gwY",1,"1: I confirm","1: I will take it seriously","2: A green ball lies on a brown wooden board. Then a yellow ball falls down onto the wooden board. The green ball then shoots into the air.","irreversible","red","1: When the red ram returned to its initial position, the wooden block remained in the blue area.","1: When the yellow ram returned to its initial position, the wooden block remained in the blue area.",10,0,0,0,"The red ram moved first.","2023-10-30 11:47:24",53,"1: male",NA,"correct","correct"
"Ou7QaMWnxLgJ",2,"1: I confirm","1: I will take it seriously","2: A green ball lies on a brown wooden board. Then a yellow ball falls down onto the wooden board. The green ball then shoots into the air.","irreversible","yellow","1: When the red ram returned to its initial position, the wooden block remained in the blue area.","1: When the yellow ram returned to its initial position, the wooden block remained in the blue area.",10,10,5,5,"The yellow ram moved first.","2023-10-30 11:47:24",55,"2: female","none","correct","correct"
"qA1jjaHhmGb3",3,"1: I confirm","1: I will take it seriously","2: A green ball lies on a brown wooden board. Then a yellow ball falls down onto the wooden board. The green ball then shoots into the air.","reversible","red","2: When the red ram returned to its initial position, the wooden block also went back (left the blue area again).","2: When the yellow ram returned to its initial position, the wooden block also went back (left the blue area again).",10,0,10,10,"The red ram moved first.","2023-10-30 11:47:24",43,"1: male",NA,"correct","correct"
"TjstMqPk8NfF",1,"1: I confirm","1: I will take it seriously","2: A green ball lies on a brown wooden board. Then a yellow ball falls down onto the wooden board. The green ball then shoots into the air.","irreversible","red","1: When the red ram returned to its initial position, the wooden block remained in the blue area.","1: When the yellow ram returned to its initial position, the wooden block remained in the blue area.",10,0,10,2,"The red ram moved first.","2023-10-30 11:47:26",39,"1: male",NA,"correct","correct"
"bNuNdYBlB5lq",4,"1: I confirm","1: I will take it seriously","2: A green ball lies on a brown wooden board. Then a yellow ball falls down onto the wooden board. The green ball then shoots into the air.","reversible","yellow","2: When the red ram returned to its initial position, the wooden block also went back (left the blue area again).","2: When the yellow ram returned to its initial position, the wooden block also went back (left the blue area again).",0,10,10,10,"The yellow ram moved first.","2023-10-30 11:47:26",26,"2: female","No errors","correct","correct"
"n3UpXwLkDQyA",2,"1: I confirm","1: I will take it seriously","2: A green ball lies on a brown wooden board. Then a yellow ball falls down onto the wooden board. The green ball then shoots into the air.","irreversible","yellow","1: When the red ram returned to its initial position, the wooden block remained in the blue area.","1: When the yellow ram returned to its initial position, the wooden block remained in the blue area.",1,9,0,0,"The yellow ram moved first.","2023-10-30 11:47:27",66,"1: male","none","correct","correct"
"peo7PUvS2271",3,"1: I confirm","1: I will take it seriously","2: A green ball lies on a brown wooden board. Then a yellow ball falls down onto the wooden board. The green ball then shoots into the air.","reversible","red","2: When the red ram returned to its initial position, the wooden block also went back (left the blue area again).","2: When the yellow ram returned to its initial position, the wooden block also went back (left the blue area again).",10,1,9,9,"The red ram moved first.","2023-10-30 11:47:27",36,"1: male","I did not notice any errors or technical issues.","correct","correct"
"d2F7QziOni4t",4,"1: I confirm","1: I will take it seriously","2: A green ball lies on a brown wooden board. Then a yellow ball falls down onto the wooden board. The green ball then shoots into the air.","reversible","yellow","2: When the red ram returned to its initial position, the wooden block also went back (left the blue area again).","2: When the yellow ram returned to its initial position, the wooden block also went back (left the blue area again).",0,10,10,10,"The yellow ram moved first.","2023-10-30 11:47:27",47,"2: female",NA,"correct","correct"
"42vYLeSnmOnV",4,"1: I confirm","1: I will take it seriously","2: A green ball lies on a brown wooden board. Then a yellow ball falls down onto the wooden board. The green ball then shoots into the air.","reversible","yellow","2: When the red ram returned to its initial position, the wooden block also went back (left the blue area again).","2: When the yellow ram returned to its initial position, the wooden block also went back (left the blue area again).",0,10,10,10,"The yellow ram moved first.","2023-10-30 11:47:30",31,"2: female",NA,"correct","correct"
"DzIFDICWoByT",3,"1: I confirm","1: I will take it seriously","2: A green ball lies on a brown wooden board. Then a yellow ball falls down onto the wooden board. The green ball then shoots into the air.","reversible","red","2: When the red ram returned to its initial position, the wooden block also went back (left the blue area again).","2: When the yellow ram returned to its initial position, the wooden block also went back (left the blue area again).",10,0,9,8,"The red ram moved first.","2023-10-30 11:47:32",51,"1: male","No errors seen","correct","correct"
"TMA7IJOwQ5Pl",2,"1: I confirm","1: I will take it seriously","2: A green ball lies on a brown wooden board. Then a yellow ball falls down onto the wooden board. The green ball then shoots into the air.","irreversible","yellow","1: When the red ram returned to its initial position, the wooden block remained in the blue area.","1: When the yellow ram returned to its initial position, the wooden block remained in the blue area.",0,10,5,5,"The yellow ram moved first.","2023-10-30 11:47:33",54,"1: male",NA,"correct","correct"
"eTnSriylE7RP",1,"1: I confirm","1: I will take it seriously","2: A green ball lies on a brown wooden board. Then a yellow ball falls down onto the wooden board. The green ball then shoots into the air.","irreversible","red","1: When the red ram returned to its initial position, the wooden block remained in the blue area.","1: When the yellow ram returned to its initial position, the wooden block remained in the blue area.",10,0,8,0,"The red ram moved first.","2023-10-30 11:47:34",33,"1: male",NA,"correct","correct"
"b5XCPdMAu7Gy",4,"1: I confirm","1: I will take it seriously","2: A green ball lies on a brown wooden board. Then a yellow ball falls down onto the wooden board. The green ball then shoots into the air.","reversible","yellow","2: When the red ram returned to its initial position, the wooden block also went back (left the blue area again).","2: When the yellow ram returned to its initial position, the wooden block also went back (left the blue area again).",0,10,10,10,"The yellow ram moved first.","2023-10-30 11:47:41",50,"2: female",NA,"correct","correct"
"uSmPUkahAMPn",1,"1: I confirm","1: I will take it seriously","2: A green ball lies on a brown wooden board. Then a yellow ball falls down onto the wooden board. The green ball then shoots into the air.","irreversible","red","1: When the red ram returned to its initial position, the wooden block remained in the blue area.","1: When the yellow ram returned to its initial position, the wooden block remained in the blue area.",10,0,0,0,"The red ram moved first.","2023-10-30 11:47:42",40,"2: female",NA,"correct","correct"
"gZ7gEzNS90PC",2,"1: I confirm","1: I will take it seriously","2: A green ball lies on a brown wooden board. Then a yellow ball falls down onto the wooden board. The green ball then shoots into the air.","irreversible","yellow","1: When the red ram returned to its initial position, the wooden block remained in the blue area.","1: When the yellow ram returned to its initial position, the wooden block remained in the blue area.",1,10,1,10,"The yellow ram moved first.","2023-10-30 11:47:52",29,"1: male",NA,"correct","correct"
"q6sxChWLAHoD",3,"1: I confirm","1: I will take it seriously","3: A green ball lies on a silver iron board. Then a yellow ball falls down onto the iron board. The green ball then shoots into the air.","reversible","red","2: When the red ram returned to its initial position, the wooden block also went back (left the blue area again).","2: When the yellow ram returned to its initial position, the wooden block also went back (left the blue area again).",10,0,10,0,"The red ram moved first.","2023-10-30 11:48:37",57,"2: female","No errors","correct","correct"
"4I1TAZhabtIU",2,"1: I confirm","1: I will take it seriously","2: A green ball lies on a brown wooden board. Then a yellow ball falls down onto the wooden board. The green ball then shoots into the air.","irreversible","yellow","1: When the red ram returned to its initial position, the wooden block remained in the blue area.","1: When the yellow ram returned to its initial position, the wooden block remained in the blue area.",0,10,10,10,"The yellow ram moved first.","2023-10-30 11:50:27",40,"1: male",NA,"correct","correct"
"vnYyavtjOH0c",1,"1: I confirm","1: I will take it seriously","2: A green ball lies on a brown wooden board. Then a yellow ball falls down onto the wooden board. The green ball then shoots into the air.","irreversible","red","1: When the red ram returned to its initial position, the wooden block remained in the blue area.","1: When the yellow ram returned to its initial position, the wooden block remained in the blue area.",10,0,4,4,"The red ram moved first.","2023-10-30 11:51:50",35,"1: male",NA,"correct","correct"
"lBL0y6JpgTJ9",2,"1: I confirm","1: I will take it seriously","2: A green ball lies on a brown wooden board. Then a yellow ball falls down onto the wooden board. The green ball then shoots into the air.","irreversible","yellow","1: When the red ram returned to its initial position, the wooden block remained in the blue area.","1: When the yellow ram returned to its initial position, the wooden block remained in the blue area.",0,10,1,9,"The yellow ram moved first.","2023-10-30 12:01:51",36,"1: male",NA,"correct","correct"
"euPd34WCsPBp",2,"1: I confirm","1: I will take it seriously","2: A green ball lies on a brown wooden board. Then a yellow ball falls down onto the wooden board. The green ball then shoots into the air.","irreversible","yellow","1: When the red ram returned to its initial position, the wooden block remained in the blue area.","1: When the yellow ram returned to its initial position, the wooden block remained in the blue area.",0,10,0,0,"The yellow ram moved first.","2023-10-30 12:01:54",53,"1: male",NA,"correct","correct"
"12dgnTQDSTuU",2,"1: I confirm","1: I will take it seriously","2: A green ball lies on a brown wooden board. Then a yellow ball falls down onto the wooden board. The green ball then shoots into the air.","irreversible","yellow","1: When the red ram returned to its initial position, the wooden block remained in the blue area.","1: When the yellow ram returned to its initial position, the wooden block remained in the blue area.",0,10,1,1,"The yellow ram moved first.","2023-10-30 12:01:58",63,"2: female","none","correct","correct"
"b8zFG3FI01ff",2,"1: I confirm","1: I will take it seriously","2: A green ball lies on a brown wooden board. Then a yellow ball falls down onto the wooden board. The green ball then shoots into the air.","irreversible","yellow","1: When the red ram returned to its initial position, the wooden block remained in the blue area.","1: When the yellow ram returned to its initial position, the wooden block remained in the blue area.",0,10,4,5,"The yellow ram moved first.","2023-10-30 12:02:02",41,"2: female",NA,"correct","correct"
"mr5pBKd899kM",1,"1: I confirm","1: I will take it seriously","2: A green ball lies on a brown wooden board. Then a yellow ball falls down onto the wooden board. The green ball then shoots into the air.","irreversible","red","1: When the red ram returned to its initial position, the wooden block remained in the blue area.","1: When the yellow ram returned to its initial position, the wooden block remained in the blue area.",10,0,10,0,"The red ram moved first.","2023-10-30 12:08:52",37,"2: female",NA,"correct","correct"
"RAJKjbeFQ8GR",1,"1: I confirm","1: I will take it seriously","2: A green ball lies on a brown wooden board. Then a yellow ball falls down onto the wooden board. The green ball then shoots into the air.","irreversible","red","1: When the red ram returned to its initial position, the wooden block remained in the blue area.","1: When the yellow ram returned to its initial position, the wooden block remained in the blue area.",10,0,7,6,"The red ram moved first.","2023-10-30 12:08:53",34,"2: female","None","correct","correct"
"jlQmfCStdKNV",1,"1: I confirm","1: I will take it seriously","2: A green ball lies on a brown wooden board. Then a yellow ball falls down onto the wooden board. The green ball then shoots into the air.","irreversible","red","1: When the red ram returned to its initial position, the wooden block remained in the blue area.","1: When the yellow ram returned to its initial position, the wooden block remained in the blue area.",10,0,10,0,"The red ram moved first.","2023-10-30 12:08:59",51,"1: male",NA,"correct","correct"
"WTynZKT8i9Nn",3,"1: I confirm","1: I will take it seriously","2: A green ball lies on a brown wooden board. Then a yellow ball falls down onto the wooden board. The green ball then shoots into the air.","reversible","red","2: When the red ram returned to its initial position, the wooden block also went back (left the blue area again).","2: When the yellow ram returned to its initial position, the wooden block also went back (left the blue area again).",10,0,0,10,"The red ram moved first.","2023-10-30 12:10:16",33,"1: male",NA,"correct","correct"
"JL9RFwuVYRk5",3,"1: I confirm","1: I will take it seriously","2: A green ball lies on a brown wooden board. Then a yellow ball falls down onto the wooden board. The green ball then shoots into the air.","reversible","red","2: When the red ram returned to its initial position, the wooden block also went back (left the blue area again).","2: When the yellow ram returned to its initial position, the wooden block also went back (left the blue area again).",10,0,0,10,"The red ram moved first.","2023-10-30 12:11:47",56,"2: female",NA,"correct","correct"
"CouF4eQK5otq",3,"1: I confirm","1: I will take it seriously","2: A green ball lies on a brown wooden board. Then a yellow ball falls down onto the wooden board. The green ball then shoots into the air.","reversible","red","2: When the red ram returned to its initial position, the wooden block also went back (left the blue area again).","2: When the yellow ram returned to its initial position, the wooden block also went back (left the blue area again).",10,0,0,10,"The red ram moved first.","2023-10-30 12:16:30",38,"1: male","None ","correct","correct"
"0JU2hkUqtt6R",3,"1: I confirm","1: I will take it seriously","2: A green ball lies on a brown wooden board. Then a yellow ball falls down onto the wooden board. The green ball then shoots into the air.","reversible","red","2: When the red ram returned to its initial position, the wooden block also went back (left the blue area again).","2: When the yellow ram returned to its initial position, the wooden block also went back (left the blue area again).",10,10,10,0,"The red ram moved first.","2023-10-30 12:26:58",37,"1: male",NA,"correct","correct"
"Kiwy8swCTGfn",3,"1: I confirm","1: I will take it seriously","2: A green ball lies on a brown wooden board. Then a yellow ball falls down onto the wooden board. The green ball then shoots into the air.","reversible","red","2: When the red ram returned to its initial position, the wooden block also went back (left the blue area again).","2: When the yellow ram returned to its initial position, the wooden block also went back (left the blue area again).",10,0,10,10,"The red ram moved first.","2023-10-30 12:30:41",29,"1: male","I had no errors during this study and I saw no typos","correct","correct"
