"subj_code","condition","desktop_conf","attent_conf","intro_check","structure","first_object","learn_check_left","learn_check_right","left_caused_rating","right_caused_rating","left_maintained_rating","right_maintained_rating","timing_check","recorded_at","age","gender","tech_issues","timing_check_correct","learning_check_left_correct","learning_check_right_correct","learning_check_correct"
"5YhgQVbENAeJ",1,"1: I confirm","1: I will take it seriously","2: A little squid swam from the right to the left.","irreversible","left","2: When the left male approached the female she turned purple and when he swam away from her again, she stayed purple.","2: When the right male approached the female she turned purple and when he swam away from her again, she stayed purple.",10,1,2,2,"The left male swam to the female first.","2023-10-25 11:17:46",34,"2: female","Non.","correct","correct","correct","correct"
"7Q6VSNURKXf2",1,"1: I confirm","1: I will take it seriously","2: A little squid swam from the right to the left.","irreversible","left","2: When the left male approached the female she turned purple and when he swam away from her again, she stayed purple.","2: When the right male approached the female she turned purple and when he swam away from her again, she stayed purple.",10,10,10,10,"The left male swam to the female first.","2023-10-25 11:17:07",51,"2: female","no errors thank you :)","correct","correct","correct","correct"
"ABphUYEsR0pi",1,"1: I confirm","1: I will take it seriously","2: A little squid swam from the right to the left.","irreversible","left","2: When the left male approached the female she turned purple and when he swam away from her again, she stayed purple.","2: When the right male approached the female she turned purple and when he swam away from her again, she stayed purple.",10,0,2,0,"The left male swam to the female first.","2023-10-25 09:52:08",29,"2: female","N/A","correct","correct","correct","correct"
"aZnejGoIL7o1",1,"1: I confirm","1: I will take it seriously","2: A little squid swam from the right to the left.","irreversible","left","2: When the left male approached the female she turned purple and when he swam away from her again, she stayed purple.","2: When the right male approached the female she turned purple and when he swam away from her again, she stayed purple.",10,0,9,0,"The left male swam to the female first.","2023-10-25 10:02:06",58,"2: female",NA,"correct","correct","correct","correct"
"cAPRjwEPY936",1,"1: I confirm","1: I will take it seriously","2: A little squid swam from the right to the left.","irreversible","left","2: When the left male approached the female she turned purple and when he swam away from her again, she stayed purple.","2: When the right male approached the female she turned purple and when he swam away from her again, she stayed purple.",10,1,2,2,"The left male swam to the female first.","2023-10-25 10:04:11",64,"2: female",NA,"correct","correct","correct","correct"
"cr4ztpseg4C5",1,"1: I confirm","1: I will take it seriously","2: A little squid swam from the right to the left.","irreversible","left","2: When the left male approached the female she turned purple and when he swam away from her again, she stayed purple.","2: When the right male approached the female she turned purple and when he swam away from her again, she stayed purple.",10,0,0,10,"The left male swam to the female first.","2023-10-25 11:17:16",55,"2: female","no errors or technical issues","correct","correct","correct","correct"
"gjRMa4ZsMbLn",1,"1: I confirm","1: I will take it seriously","2: A little squid swam from the right to the left.","irreversible","left","2: When the left male approached the female she turned purple and when he swam away from her again, she stayed purple.","2: When the right male approached the female she turned purple and when he swam away from her again, she stayed purple.",10,0,0,0,"The left male swam to the female first.","2023-10-25 11:16:52",41,"2: female",NA,"correct","correct","correct","correct"
"JgXi47XoOZsQ",1,"1: I confirm","1: I will take it seriously","2: A little squid swam from the right to the left.","irreversible","left","2: When the left male approached the female she turned purple and when he swam away from her again, she stayed purple.","2: When the right male approached the female she turned purple and when he swam away from her again, she stayed purple.",10,0,0,0,"The left male swam to the female first.","2023-10-25 10:12:43",22,"2: female",NA,"correct","correct","correct","correct"
"jwtEHovk0tcz",1,"1: I confirm","1: I will take it seriously","2: A little squid swam from the right to the left.","irreversible","left","2: When the left male approached the female she turned purple and when he swam away from her again, she stayed purple.","2: When the right male approached the female she turned purple and when he swam away from her again, she stayed purple.",10,0,2,10,"The left male swam to the female first.","2023-10-25 10:02:29",31,"2: female",NA,"correct","correct","correct","correct"
"KI5oVqo6784J",1,"1: I confirm","1: I will take it seriously","2: A little squid swam from the right to the left.","irreversible","left","2: When the left male approached the female she turned purple and when he swam away from her again, she stayed purple.","2: When the right male approached the female she turned purple and when he swam away from her again, she stayed purple.",10,0,10,0,"The left male swam to the female first.","2023-10-25 11:17:14",64,"2: female",NA,"correct","correct","correct","correct"
"lAtbB4w1IZjC",1,"1: I confirm","1: I will take it seriously","2: A little squid swam from the right to the left.","irreversible","left","2: When the left male approached the female she turned purple and when he swam away from her again, she stayed purple.","2: When the right male approached the female she turned purple and when he swam away from her again, she stayed purple.",10,0,8,0,"The left male swam to the female first.","2023-10-25 11:17:29",25,"1: male",NA,"correct","correct","correct","correct"
"mX3dmOS9zksL",1,"1: I confirm","1: I will take it seriously","2: A little squid swam from the right to the left.","irreversible","left","2: When the left male approached the female she turned purple and when he swam away from her again, she stayed purple.","2: When the right male approached the female she turned purple and when he swam away from her again, she stayed purple.",10,0,10,0,"The left male swam to the female first.","2023-10-25 11:17:12",66,"2: female",NA,"correct","correct","correct","correct"
"o6bLJLda8rwJ",1,"1: I confirm","1: I will take it seriously","2: A little squid swam from the right to the left.","irreversible","left","2: When the left male approached the female she turned purple and when he swam away from her again, she stayed purple.","2: When the right male approached the female she turned purple and when he swam away from her again, she stayed purple.",10,2,3,3,"The left male swam to the female first.","2023-10-25 11:17:01",49,"2: female","No errors","correct","correct","correct","correct"
"QcNExeN5cTiP",1,"1: I confirm","1: I will take it seriously","2: A little squid swam from the right to the left.","irreversible","left","2: When the left male approached the female she turned purple and when he swam away from her again, she stayed purple.","2: When the right male approached the female she turned purple and when he swam away from her again, she stayed purple.",10,0,10,10,"The left male swam to the female first.","2023-10-25 10:01:38",39,"2: female",NA,"correct","correct","correct","correct"
"RzlpOw8Haozr",1,"1: I confirm","1: I will take it seriously","2: A little squid swam from the right to the left.","irreversible","left","2: When the left male approached the female she turned purple and when he swam away from her again, she stayed purple.","2: When the right male approached the female she turned purple and when he swam away from her again, she stayed purple.",10,0,10,0,"The left male swam to the female first.","2023-10-25 09:53:18",41,"2: female",NA,"correct","correct","correct","correct"
"SkjZFsFONncN",1,"1: I confirm","1: I will take it seriously","2: A little squid swam from the right to the left.","irreversible","left","2: When the left male approached the female she turned purple and when he swam away from her again, she stayed purple.","2: When the right male approached the female she turned purple and when he swam away from her again, she stayed purple.",10,0,0,0,"The left male swam to the female first.","2023-10-25 11:17:22",44,"2: female",NA,"correct","correct","correct","correct"
"vdHhOHjRALOr",1,"1: I confirm","1: I will take it seriously","2: A little squid swam from the right to the left.","irreversible","left","2: When the left male approached the female she turned purple and when he swam away from her again, she stayed purple.","2: When the right male approached the female she turned purple and when he swam away from her again, she stayed purple.",10,1,10,10,"The left male swam to the female first.","2023-10-25 09:51:17",27,"1: male","none","correct","correct","correct","correct"
"wQxWBwTrg2ZY",1,"1: I confirm","1: I will take it seriously","2: A little squid swam from the right to the left.","irreversible","left","2: When the left male approached the female she turned purple and when he swam away from her again, she stayed purple.","2: When the right male approached the female she turned purple and when he swam away from her again, she stayed purple.",10,1,2,9,"The left male swam to the female first.","2023-10-25 11:17:07",56,"2: female",NA,"correct","correct","correct","correct"
"xurAO4Qfbigm",1,"1: I confirm","1: I will take it seriously","2: A little squid swam from the right to the left.","irreversible","left","2: When the left male approached the female she turned purple and when he swam away from her again, she stayed purple.","2: When the right male approached the female she turned purple and when he swam away from her again, she stayed purple.",10,0,2,9,"The left male swam to the female first.","2023-10-25 10:13:06",42,"2: female","na","correct","correct","correct","correct"
"XVZhwcgWL46C",1,"1: I confirm","1: I will take it seriously","2: A little squid swam from the right to the left.","irreversible","left","2: When the left male approached the female she turned purple and when he swam away from her again, she stayed purple.","2: When the right male approached the female she turned purple and when he swam away from her again, she stayed purple.",10,0,0,5,"The left male swam to the female first.","2023-10-25 11:17:16",34,"1: male",NA,"correct","correct","correct","correct"
"Z3Tr2WppvVcD",1,"1: I confirm","1: I will take it seriously","2: A little squid swam from the right to the left.","irreversible","left","2: When the left male approached the female she turned purple and when he swam away from her again, she stayed purple.","2: When the right male approached the female she turned purple and when he swam away from her again, she stayed purple.",10,0,10,10,"The left male swam to the female first.","2023-10-25 11:17:06",31,"1: male","None
","correct","correct","correct","correct"
"ZI0vwlBZrCTU",1,"1: I confirm","1: I will take it seriously","2: A little squid swam from the right to the left.","irreversible","left","2: When the left male approached the female she turned purple and when he swam away from her again, she stayed purple.","2: When the right male approached the female she turned purple and when he swam away from her again, she stayed purple.",8,1,8,3,"The left male swam to the female first.","2023-10-25 10:01:54",39,"2: female",NA,"correct","correct","correct","correct"
"0q6Z8xIQUxxH",2,"1: I confirm","1: I will take it seriously","2: A little squid swam from the right to the left.","irreversible","right","2: When the left male approached the female she turned purple and when he swam away from her again, she stayed purple.","2: When the right male approached the female she turned purple and when he swam away from her again, she stayed purple.",0,10,7,1,"The right male swam to the female first.","2023-10-25 10:02:51",25,"2: female","No errors. ","correct","correct","correct","correct"
"5fGGeOOXOgGa",2,"1: I confirm","1: I will take it seriously","2: A little squid swam from the right to the left.","irreversible","right","2: When the left male approached the female she turned purple and when he swam away from her again, she stayed purple.","2: When the right male approached the female she turned purple and when he swam away from her again, she stayed purple.",0,10,5,5,"The right male swam to the female first.","2023-10-25 10:02:21",59,"2: female",NA,"correct","correct","correct","correct"
"73dYJU8QpOex",2,"1: I confirm","1: I will take it seriously","2: A little squid swam from the right to the left.","irreversible","right","2: When the left male approached the female she turned purple and when he swam away from her again, she stayed purple.","2: When the right male approached the female she turned purple and when he swam away from her again, she stayed purple.",0,10,0,10,"The right male swam to the female first.","2023-10-25 11:17:17",72,"2: female",NA,"correct","correct","correct","correct"
"aR38SrVIPC0E",2,"1: I confirm","1: I will take it seriously","2: A little squid swam from the right to the left.","irreversible","right","2: When the left male approached the female she turned purple and when he swam away from her again, she stayed purple.","2: When the right male approached the female she turned purple and when he swam away from her again, she stayed purple.",0,10,0,0,"The right male swam to the female first.","2023-10-25 11:16:50",24,"1: male",NA,"correct","correct","correct","correct"
"ducHMv9scvw5",2,"1: I confirm","1: I will take it seriously","2: A little squid swam from the right to the left.","irreversible","right","2: When the left male approached the female she turned purple and when he swam away from her again, she stayed purple.","2: When the right male approached the female she turned purple and when he swam away from her again, she stayed purple.",5,10,10,8,"The right male swam to the female first.","2023-10-25 11:17:32",67,"1: male",NA,"correct","correct","correct","correct"
"E1G8eecYCn6N",2,"1: I confirm","1: I will take it seriously","2: A little squid swam from the right to the left.","irreversible","right","2: When the left male approached the female she turned purple and when he swam away from her again, she stayed purple.","2: When the right male approached the female she turned purple and when he swam away from her again, she stayed purple.",0,10,7,7,"The right male swam to the female first.","2023-10-25 09:51:23",28,"2: female",NA,"correct","correct","correct","correct"
"fHykdPKsandt",2,"1: I confirm","1: I will take it seriously","2: A little squid swam from the right to the left.","irreversible","right","2: When the left male approached the female she turned purple and when he swam away from her again, she stayed purple.","2: When the right male approached the female she turned purple and when he swam away from her again, she stayed purple.",0,10,10,0,"The right male swam to the female first.","2023-10-25 11:17:01",57,"1: male","No, it was all good - & quite fun!","correct","correct","correct","correct"
"Fzyoj55vgpNP",2,"1: I confirm","1: I will take it seriously","2: A little squid swam from the right to the left.","irreversible","right","2: When the left male approached the female she turned purple and when he swam away from her again, she stayed purple.","2: When the right male approached the female she turned purple and when he swam away from her again, she stayed purple.",0,10,3,0,"The right male swam to the female first.","2023-10-25 10:02:02",32,"1: male",NA,"correct","correct","correct","correct"
"hbrt7I1wK1n4",2,"1: I confirm","1: I will take it seriously","2: A little squid swam from the right to the left.","irreversible","right","2: When the left male approached the female she turned purple and when he swam away from her again, she stayed purple.","2: When the right male approached the female she turned purple and when he swam away from her again, she stayed purple.",10,10,0,10,"The right male swam to the female first.","2023-10-25 10:13:00",24,"2: female","None, thank you","correct","correct","correct","correct"
"HeABUsvERS5z",2,"1: I confirm","1: I will take it seriously","2: A little squid swam from the right to the left.","irreversible","right","2: When the left male approached the female she turned purple and when he swam away from her again, she stayed purple.","2: When the right male approached the female she turned purple and when he swam away from her again, she stayed purple.",3,9,9,2,"The right male swam to the female first.","2023-10-25 09:58:57",47,"2: female",NA,"correct","correct","correct","correct"
"IwO366CVWadJ",2,"1: I confirm","1: I will take it seriously","2: A little squid swam from the right to the left.","irreversible","right","2: When the left male approached the female she turned purple and when he swam away from her again, she stayed purple.","2: When the right male approached the female she turned purple and when he swam away from her again, she stayed purple.",0,10,0,0,"The right male swam to the female first.","2023-10-25 10:02:31",50,"2: female",NA,"correct","correct","correct","correct"
"jzuLcpYaGAWL",2,"1: I confirm","1: I will take it seriously","2: A little squid swam from the right to the left.","irreversible","right","2: When the left male approached the female she turned purple and when he swam away from her again, she stayed purple.","2: When the right male approached the female she turned purple and when he swam away from her again, she stayed purple.",0,10,0,8,"The right male swam to the female first.","2023-10-25 10:02:33",27,"1: male",NA,"correct","correct","correct","correct"
"MguXJg7bkTO8",2,"1: I confirm","1: I will take it seriously","2: A little squid swam from the right to the left.","irreversible","right","2: When the left male approached the female she turned purple and when he swam away from her again, she stayed purple.","2: When the right male approached the female she turned purple and when he swam away from her again, she stayed purple.",0,9,3,2,"The right male swam to the female first.","2023-10-25 11:17:15",52,"1: male",NA,"correct","correct","correct","correct"
"Nzgs7XaDSzH0",2,"1: I confirm","1: I will take it seriously","2: A little squid swam from the right to the left.","irreversible","right","2: When the left male approached the female she turned purple and when he swam away from her again, she stayed purple.","2: When the right male approached the female she turned purple and when he swam away from her again, she stayed purple.",1,10,5,1,"The right male swam to the female first.","2023-10-25 11:17:14",54,"1: male","No errors","correct","correct","correct","correct"
"P2QB8rDmFI73",2,"1: I confirm","1: I will take it seriously","2: A little squid swam from the right to the left.","irreversible","right","2: When the left male approached the female she turned purple and when he swam away from her again, she stayed purple.","2: When the right male approached the female she turned purple and when he swam away from her again, she stayed purple.",1,10,1,6,"The right male swam to the female first.","2023-10-25 11:17:01",32,"1: male","I didn't see any errors","correct","correct","correct","correct"
"P5UMiZOLk1TE",2,"1: I confirm","1: I will take it seriously","2: A little squid swam from the right to the left.","irreversible","right","2: When the left male approached the female she turned purple and when he swam away from her again, she stayed purple.","2: When the right male approached the female she turned purple and when he swam away from her again, she stayed purple.",0,10,10,0,"The right male swam to the female first.","2023-10-25 11:17:22",59,"2: female","None.","correct","correct","correct","correct"
"tfRAutcwV3x1",2,"1: I confirm","1: I will take it seriously","2: A little squid swam from the right to the left.","irreversible","right","2: When the left male approached the female she turned purple and when he swam away from her again, she stayed purple.","2: When the right male approached the female she turned purple and when he swam away from her again, she stayed purple.",0,10,5,5,"The right male swam to the female first.","2023-10-25 11:17:11",76,"1: male","none","correct","correct","correct","correct"
"TMmFifIhbcpT",2,"1: I confirm","1: I will take it seriously","2: A little squid swam from the right to the left.","irreversible","right","2: When the left male approached the female she turned purple and when he swam away from her again, she stayed purple.","2: When the right male approached the female she turned purple and when he swam away from her again, she stayed purple.",0,10,0,10,"The right male swam to the female first.","2023-10-25 10:12:50",47,"2: female",NA,"correct","correct","correct","correct"
"u6xEtWSS4YUK",2,"1: I confirm","1: I will take it seriously","2: A little squid swam from the right to the left.","irreversible","right","2: When the left male approached the female she turned purple and when he swam away from her again, she stayed purple.","2: When the right male approached the female she turned purple and when he swam away from her again, she stayed purple.",3,10,5,5,"The right male swam to the female first.","2023-10-25 11:17:09",40,"2: female","n/a","correct","correct","correct","correct"
"uERsk2ishzgL",2,"1: I confirm","1: I will take it seriously","2: A little squid swam from the right to the left.","irreversible","right","2: When the left male approached the female she turned purple and when he swam away from her again, she stayed purple.","2: When the right male approached the female she turned purple and when he swam away from her again, she stayed purple.",1,10,1,1,"The right male swam to the female first.","2023-10-25 10:01:31",65,"2: female",NA,"correct","correct","correct","correct"
"vchbcaB4qC42",2,"1: I confirm","1: I will take it seriously","2: A little squid swam from the right to the left.","irreversible","right","2: When the left male approached the female she turned purple and when he swam away from her again, she stayed purple.","2: When the right male approached the female she turned purple and when he swam away from her again, she stayed purple.",2,10,2,4,"The right male swam to the female first.","2023-10-25 11:16:57",28,"3: non-binary","n/a","correct","correct","correct","correct"
"Vk4Vr88Ci2XA",2,"1: I confirm","1: I will take it seriously","2: A little squid swam from the right to the left.","irreversible","right","2: When the left male approached the female she turned purple and when he swam away from her again, she stayed purple.","2: When the right male approached the female she turned purple and when he swam away from her again, she stayed purple.",0,10,7,5,"The right male swam to the female first.","2023-10-25 11:17:14",26,"2: female",NA,"correct","correct","correct","correct"
"W6jdOcYzGUee",2,"1: I confirm","1: I will take it seriously","2: A little squid swam from the right to the left.","irreversible","right","2: When the left male approached the female she turned purple and when he swam away from her again, she stayed purple.","2: When the right male approached the female she turned purple and when he swam away from her again, she stayed purple.",4,10,10,0,"The right male swam to the female first.","2023-10-25 09:51:17",27,"2: female",NA,"correct","correct","correct","correct"
"Xc0shDwBTXDN",2,"1: I confirm","1: I will take it seriously","2: A little squid swam from the right to the left.","irreversible","right","2: When the left male approached the female she turned purple and when he swam away from her again, she stayed purple.","2: When the right male approached the female she turned purple and when he swam away from her again, she stayed purple.",2,8,7,7,"The right male swam to the female first.","2023-10-25 11:17:19",42,"1: male",NA,"correct","correct","correct","correct"
"z5W4nvuv4ZV1",2,"1: I confirm","1: I will take it seriously","2: A little squid swam from the right to the left.","irreversible","right","2: When the left male approached the female she turned purple and when he swam away from her again, she stayed purple.","2: When the right male approached the female she turned purple and when he swam away from her again, she stayed purple.",0,10,0,10,"The right male swam to the female first.","2023-10-25 10:13:03",54,"1: male",NA,"correct","correct","correct","correct"
"1k8CLSkigYuG",3,"1: I confirm","1: I will take it seriously","2: A little squid swam from the right to the left.","reversible","left","1: When the left male approached the female she turned purple, but as soon as he swam away from her again, she turned back to her natural brown.","1: When the right male approached the female she turned purple, but as soon as he swam away from her again, she turned back to her natural brown.",10,0,10,10,"The left male swam to the female first.","2023-10-25 11:16:58",72,"2: female",NA,"correct","correct","correct","correct"
"2IASqNF7Vsxy",3,"1: I confirm","1: I will take it seriously","2: A little squid swam from the right to the left.","reversible","left","1: When the left male approached the female she turned purple, but as soon as he swam away from her again, she turned back to her natural brown.","1: When the right male approached the female she turned purple, but as soon as he swam away from her again, she turned back to her natural brown.",10,0,1,10,"The left male swam to the female first.","2023-10-25 11:17:15",60,"2: female","no errors to report","correct","correct","correct","correct"
"2YwmIgT8atQx",3,"1: I confirm","1: I will take it seriously","2: A little squid swam from the right to the left.","reversible","left","1: When the left male approached the female she turned purple, but as soon as he swam away from her again, she turned back to her natural brown.","1: When the right male approached the female she turned purple, but as soon as he swam away from her again, she turned back to her natural brown.",10,10,0,10,"The left male swam to the female first.","2023-10-25 11:17:13",22,"1: male",NA,"correct","correct","correct","correct"
"6RFXqUu8rn2D",3,"1: I confirm","1: I will take it seriously","2: A little squid swam from the right to the left.","reversible","left","1: When the left male approached the female she turned purple, but as soon as he swam away from her again, she turned back to her natural brown.","1: When the right male approached the female she turned purple, but as soon as he swam away from her again, she turned back to her natural brown.",9,1,1,9,"The left male swam to the female first.","2023-10-25 10:47:27",41,"2: female","none
thank you","correct","correct","correct","correct"
"8v0nZIHFfVfe",3,"1: I confirm","1: I will take it seriously","2: A little squid swam from the right to the left.","reversible","left","1: When the left male approached the female she turned purple, but as soon as he swam away from her again, she turned back to her natural brown.","1: When the right male approached the female she turned purple, but as soon as he swam away from her again, she turned back to her natural brown.",10,0,0,8,"The left male swam to the female first.","2023-10-25 11:17:17",59,"2: female",NA,"correct","correct","correct","correct"
"aBQw5nKpIISr",3,"1: I confirm","1: I will take it seriously","2: A little squid swam from the right to the left.","reversible","left","1: When the left male approached the female she turned purple, but as soon as he swam away from her again, she turned back to her natural brown.","1: When the right male approached the female she turned purple, but as soon as he swam away from her again, she turned back to her natural brown.",9,1,1,10,"The left male swam to the female first.","2023-10-25 09:53:58",28,"2: female","no errors","correct","correct","correct","correct"
"B62tyoaFVbuG",3,"1: I confirm","1: I will take it seriously","2: A little squid swam from the right to the left.","reversible","left","1: When the left male approached the female she turned purple, but as soon as he swam away from her again, she turned back to her natural brown.","1: When the right male approached the female she turned purple, but as soon as he swam away from her again, she turned back to her natural brown.",10,10,10,10,"The left male swam to the female first.","2023-10-25 11:17:00",32,"1: male","none!","correct","correct","correct","correct"
"BMpwlUFdGLg4",3,"1: I confirm","1: I will take it seriously","2: A little squid swam from the right to the left.","reversible","left","1: When the left male approached the female she turned purple, but as soon as he swam away from her again, she turned back to her natural brown.","1: When the right male approached the female she turned purple, but as soon as he swam away from her again, she turned back to her natural brown.",10,0,0,10,"The left male swam to the female first.","2023-10-25 10:02:04",22,"2: female",NA,"correct","correct","correct","correct"
"GPW30oqB5Y1R",3,"1: I confirm","1: I will take it seriously","2: A little squid swam from the right to the left.","reversible","left","1: When the left male approached the female she turned purple, but as soon as he swam away from her again, she turned back to her natural brown.","1: When the right male approached the female she turned purple, but as soon as he swam away from her again, she turned back to her natural brown.",10,0,0,10,"The left male swam to the female first.","2023-10-25 11:17:11",43,"1: male","The study ran without any issues and everything was very clear, thanks.","correct","correct","correct","correct"
"hLv4wJUSZ3wF",3,"1: I confirm","1: I will take it seriously","2: A little squid swam from the right to the left.","reversible","left","1: When the left male approached the female she turned purple, but as soon as he swam away from her again, she turned back to her natural brown.","1: When the right male approached the female she turned purple, but as soon as he swam away from her again, she turned back to her natural brown.",10,10,0,10,"The left male swam to the female first.","2023-10-25 11:17:02",56,"2: female",NA,"correct","correct","correct","correct"
"JWgVnQ9jRkne",3,"1: I confirm","1: I will take it seriously","2: A little squid swam from the right to the left.","reversible","left","1: When the left male approached the female she turned purple, but as soon as he swam away from her again, she turned back to her natural brown.","1: When the right male approached the female she turned purple, but as soon as he swam away from her again, she turned back to her natural brown.",10,2,7,9,"The left male swam to the female first.","2023-10-25 11:18:48",77,"1: male","No errors","correct","correct","correct","correct"
"LqI5mwFRetVT",3,"1: I confirm","1: I will take it seriously","2: A little squid swam from the right to the left.","reversible","left","1: When the left male approached the female she turned purple, but as soon as he swam away from her again, she turned back to her natural brown.","1: When the right male approached the female she turned purple, but as soon as he swam away from her again, she turned back to her natural brown.",10,1,1,10,"The left male swam to the female first.","2023-10-25 11:17:19",61,"2: female","none","correct","correct","correct","correct"
"mTlDEgNrvk7b",3,"1: I confirm","1: I will take it seriously","2: A little squid swam from the right to the left.","reversible","left","1: When the left male approached the female she turned purple, but as soon as he swam away from her again, she turned back to her natural brown.","1: When the right male approached the female she turned purple, but as soon as he swam away from her again, she turned back to her natural brown.",10,0,0,10,"The left male swam to the female first.","2023-10-25 10:47:29",58,"2: female","None","correct","correct","correct","correct"
"P2xvrOG4NVTU",3,"1: I confirm","1: I will take it seriously","2: A little squid swam from the right to the left.","reversible","left","1: When the left male approached the female she turned purple, but as soon as he swam away from her again, she turned back to her natural brown.","1: When the right male approached the female she turned purple, but as soon as he swam away from her again, she turned back to her natural brown.",9,1,1,9,"The left male swam to the female first.","2023-10-25 10:03:05",76,"2: female",NA,"correct","correct","correct","correct"
"pE4oTj6Djh4K",3,"1: I confirm","1: I will take it seriously","2: A little squid swam from the right to the left.","reversible","left","1: When the left male approached the female she turned purple, but as soon as he swam away from her again, she turned back to her natural brown.","1: When the right male approached the female she turned purple, but as soon as he swam away from her again, she turned back to her natural brown.",9,9,3,9,"The left male swam to the female first.","2023-10-25 11:17:14",57,"2: female",NA,"correct","correct","correct","correct"
"pgjw7hg6qRgs",3,"1: I confirm","1: I will take it seriously","2: A little squid swam from the right to the left.","reversible","left","1: When the left male approached the female she turned purple, but as soon as he swam away from her again, she turned back to her natural brown.","1: When the right male approached the female she turned purple, but as soon as he swam away from her again, she turned back to her natural brown.",9,3,3,9,"The left male swam to the female first.","2023-10-25 11:17:07",58,"2: female","no errors or good thank you","correct","correct","correct","correct"
"rlIcZhvGxnZW",3,"1: I confirm","1: I will take it seriously","2: A little squid swam from the right to the left.","reversible","left","1: When the left male approached the female she turned purple, but as soon as he swam away from her again, she turned back to her natural brown.","1: When the right male approached the female she turned purple, but as soon as he swam away from her again, she turned back to her natural brown.",10,0,0,10,"The left male swam to the female first.","2023-10-25 10:12:56",53,"1: male",NA,"correct","correct","correct","correct"
"sUrnB8DVW8KY",3,"1: I confirm","1: I will take it seriously","2: A little squid swam from the right to the left.","reversible","left","1: When the left male approached the female she turned purple, but as soon as he swam away from her again, she turned back to her natural brown.","1: When the right male approached the female she turned purple, but as soon as he swam away from her again, she turned back to her natural brown.",10,0,0,10,"The left male swam to the female first.","2023-10-25 11:16:54",43,"1: male",NA,"correct","correct","correct","correct"
"SxJthsPCC3M3",3,"1: I confirm","1: I will take it seriously","2: A little squid swam from the right to the left.","reversible","left","1: When the left male approached the female she turned purple, but as soon as he swam away from her again, she turned back to her natural brown.","1: When the right male approached the female she turned purple, but as soon as he swam away from her again, she turned back to her natural brown.",10,0,0,10,"The left male swam to the female first.","2023-10-25 10:13:05",50,"2: female",NA,"correct","correct","correct","correct"
"u4m2CI8EzHtW",3,"1: I confirm","1: I will take it seriously","2: A little squid swam from the right to the left.","reversible","left","1: When the left male approached the female she turned purple, but as soon as he swam away from her again, she turned back to her natural brown.","1: When the right male approached the female she turned purple, but as soon as he swam away from her again, she turned back to her natural brown.",10,10,0,0,"The left male swam to the female first.","2023-10-25 09:49:52",22,"2: female",NA,"correct","correct","correct","correct"
"wqHvAol9yWOy",3,"1: I confirm","1: I will take it seriously","2: A little squid swam from the right to the left.","reversible","left","1: When the left male approached the female she turned purple, but as soon as he swam away from her again, she turned back to her natural brown.","1: When the right male approached the female she turned purple, but as soon as he swam away from her again, she turned back to her natural brown.",10,0,0,10,"The left male swam to the female first.","2023-10-25 11:17:22",27,"1: male",NA,"correct","correct","correct","correct"
"Yvx4kRpwMN45",3,"1: I confirm","1: I will take it seriously","2: A little squid swam from the right to the left.","reversible","left","1: When the left male approached the female she turned purple, but as soon as he swam away from her again, she turned back to her natural brown.","1: When the right male approached the female she turned purple, but as soon as he swam away from her again, she turned back to her natural brown.",10,1,1,10,"The left male swam to the female first.","2023-10-25 10:01:48",19,"1: male",NA,"correct","correct","correct","correct"
"ZRX1wmBZnRRb",3,"1: I confirm","1: I will take it seriously","2: A little squid swam from the right to the left.","reversible","left","1: When the left male approached the female she turned purple, but as soon as he swam away from her again, she turned back to her natural brown.","1: When the right male approached the female she turned purple, but as soon as he swam away from her again, she turned back to her natural brown.",10,10,0,0,"The left male swam to the female first.","2023-10-25 10:47:21",28,"1: male","None","correct","correct","correct","correct"
"4RWFgUHUmzRV",4,"1: I confirm","1: I will take it seriously","2: A little squid swam from the right to the left.","reversible","right","1: When the left male approached the female she turned purple, but as soon as he swam away from her again, she turned back to her natural brown.","1: When the right male approached the female she turned purple, but as soon as he swam away from her again, she turned back to her natural brown.",10,9,8,0,"The right male swam to the female first.","2023-10-25 11:18:52",60,"2: female","none","correct","correct","correct","correct"
"Av6gvio9L9W1",4,"1: I confirm","1: I will take it seriously","2: A little squid swam from the right to the left.","reversible","right","1: When the left male approached the female she turned purple, but as soon as he swam away from her again, she turned back to her natural brown.","1: When the right male approached the female she turned purple, but as soon as he swam away from her again, she turned back to her natural brown.",2,9,7,4,"The right male swam to the female first.","2023-10-25 11:16:55",35,"2: female",NA,"correct","correct","correct","correct"
"aZui4VccGmdq",4,"1: I confirm","1: I will take it seriously","2: A little squid swam from the right to the left.","reversible","right","1: When the left male approached the female she turned purple, but as soon as he swam away from her again, she turned back to her natural brown.","1: When the right male approached the female she turned purple, but as soon as he swam away from her again, she turned back to her natural brown.",0,10,10,0,"The right male swam to the female first.","2023-10-25 11:17:17",33,"2: female",NA,"correct","correct","correct","correct"
"dsdBc6AlcU3d",4,"1: I confirm","1: I will take it seriously","2: A little squid swam from the right to the left.","reversible","right","1: When the left male approached the female she turned purple, but as soon as he swam away from her again, she turned back to her natural brown.","1: When the right male approached the female she turned purple, but as soon as he swam away from her again, she turned back to her natural brown.",0,10,10,0,"The right male swam to the female first.","2023-10-25 10:02:21",25,"2: female","none","correct","correct","correct","correct"
"fI1zRXIjktVZ",4,"1: I confirm","1: I will take it seriously","2: A little squid swam from the right to the left.","reversible","right","1: When the left male approached the female she turned purple, but as soon as he swam away from her again, she turned back to her natural brown.","1: When the right male approached the female she turned purple, but as soon as he swam away from her again, she turned back to her natural brown.",5,10,10,0,"The right male swam to the female first.","2023-10-25 10:01:20",53,"2: female",NA,"correct","correct","correct","correct"
"fOo7LLHL7RtR",4,"1: I confirm","1: I will take it seriously","2: A little squid swam from the right to the left.","reversible","right","1: When the left male approached the female she turned purple, but as soon as he swam away from her again, she turned back to her natural brown.","1: When the right male approached the female she turned purple, but as soon as he swam away from her again, she turned back to her natural brown.",3,10,10,0,"The right male swam to the female first.","2023-10-25 10:47:42",25,"2: female",NA,"correct","correct","correct","correct"
"FV3i3gv0MS9U",4,"1: I confirm","1: I will take it seriously","2: A little squid swam from the right to the left.","reversible","right","1: When the left male approached the female she turned purple, but as soon as he swam away from her again, she turned back to her natural brown.","1: When the right male approached the female she turned purple, but as soon as he swam away from her again, she turned back to her natural brown.",10,10,10,0,"The right male swam to the female first.","2023-10-25 10:01:23",23,"2: female","none","correct","correct","correct","correct"
"fw8uSsgohAvG",4,"1: I confirm","1: I will take it seriously","2: A little squid swam from the right to the left.","reversible","right","1: When the left male approached the female she turned purple, but as soon as he swam away from her again, she turned back to her natural brown.","1: When the right male approached the female she turned purple, but as soon as he swam away from her again, she turned back to her natural brown.",0,10,10,2,"The right male swam to the female first.","2023-10-25 10:02:44",24,"2: female",NA,"correct","correct","correct","correct"
"GInJpwCWuWV9",4,"1: I confirm","1: I will take it seriously","2: A little squid swam from the right to the left.","reversible","right","1: When the left male approached the female she turned purple, but as soon as he swam away from her again, she turned back to her natural brown.","1: When the right male approached the female she turned purple, but as soon as he swam away from her again, she turned back to her natural brown.",1,10,10,0,"The right male swam to the female first.","2023-10-25 10:47:48",42,"2: female",NA,"correct","correct","correct","correct"
"HU9J4xQM8J2H",4,"1: I confirm","1: I will take it seriously","2: A little squid swam from the right to the left.","reversible","right","1: When the left male approached the female she turned purple, but as soon as he swam away from her again, she turned back to her natural brown.","1: When the right male approached the female she turned purple, but as soon as he swam away from her again, she turned back to her natural brown.",4,10,10,3,"The right male swam to the female first.","2023-10-25 10:13:11",23,"2: female",NA,"correct","correct","correct","correct"
"jenohSHYexHB",4,"1: I confirm","1: I will take it seriously","2: A little squid swam from the right to the left.","reversible","right","1: When the left male approached the female she turned purple, but as soon as he swam away from her again, she turned back to her natural brown.","1: When the right male approached the female she turned purple, but as soon as he swam away from her again, she turned back to her natural brown.",5,5,5,5,"The right male swam to the female first.","2023-10-25 10:03:46",25,"2: female","Na","correct","correct","correct","correct"
"lNEleaFkeJcd",4,"1: I confirm","1: I will take it seriously","2: A little squid swam from the right to the left.","reversible","right","1: When the left male approached the female she turned purple, but as soon as he swam away from her again, she turned back to her natural brown.","1: When the right male approached the female she turned purple, but as soon as he swam away from her again, she turned back to her natural brown.",4,10,10,0,"The right male swam to the female first.","2023-10-25 10:13:00",26,"2: female","none","correct","correct","correct","correct"
"m1LuVuZ5RGjq",4,"1: I confirm","1: I will take it seriously","2: A little squid swam from the right to the left.","reversible","right","1: When the left male approached the female she turned purple, but as soon as he swam away from her again, she turned back to her natural brown.","1: When the right male approached the female she turned purple, but as soon as he swam away from her again, she turned back to her natural brown.",0,10,10,0,"The right male swam to the female first.","2023-10-25 11:17:16",32,"2: female","None","correct","correct","correct","correct"
"m9sA0qWQdoV9",4,"1: I confirm","1: I will take it seriously","2: A little squid swam from the right to the left.","reversible","right","1: When the left male approached the female she turned purple, but as soon as he swam away from her again, she turned back to her natural brown.","1: When the right male approached the female she turned purple, but as soon as he swam away from her again, she turned back to her natural brown.",0,10,10,0,"The right male swam to the female first.","2023-10-25 09:51:19",57,"2: female","no errors","correct","correct","correct","correct"
"MwXfkDS61Lnk",4,"1: I confirm","1: I will take it seriously","2: A little squid swam from the right to the left.","reversible","right","1: When the left male approached the female she turned purple, but as soon as he swam away from her again, she turned back to her natural brown.","1: When the right male approached the female she turned purple, but as soon as he swam away from her again, she turned back to her natural brown.",10,10,10,3,"The right male swam to the female first.","2023-10-25 11:17:33",74,"1: male",NA,"correct","correct","correct","correct"
"Nlnh1x9Ozx8D",4,"1: I confirm","1: I will take it seriously","2: A little squid swam from the right to the left.","reversible","right","1: When the left male approached the female she turned purple, but as soon as he swam away from her again, she turned back to her natural brown.","1: When the right male approached the female she turned purple, but as soon as he swam away from her again, she turned back to her natural brown.",7,10,0,5,"The right male swam to the female first.","2023-10-25 10:12:48",31,"2: female",NA,"correct","correct","correct","correct"
"Qwb3pZm11eDN",4,"1: I confirm","1: I will take it seriously","2: A little squid swam from the right to the left.","reversible","right","1: When the left male approached the female she turned purple, but as soon as he swam away from her again, she turned back to her natural brown.","1: When the right male approached the female she turned purple, but as soon as he swam away from her again, she turned back to her natural brown.",0,10,10,3,"The right male swam to the female first.","2023-10-25 11:17:12",30,"1: male","no errors","correct","correct","correct","correct"
"TiR7P74o5vv6",4,"1: I confirm","1: I will take it seriously","2: A little squid swam from the right to the left.","reversible","right","1: When the left male approached the female she turned purple, but as soon as he swam away from her again, she turned back to her natural brown.","1: When the right male approached the female she turned purple, but as soon as he swam away from her again, she turned back to her natural brown.",2,9,9,2,"The right male swam to the female first.","2023-10-25 11:17:00",39,"2: female",NA,"correct","correct","correct","correct"
"vobg8n3o3IZP",4,"1: I confirm","1: I will take it seriously","2: A little squid swam from the right to the left.","reversible","right","1: When the left male approached the female she turned purple, but as soon as he swam away from her again, she turned back to her natural brown.","1: When the right male approached the female she turned purple, but as soon as he swam away from her again, she turned back to her natural brown.",0,10,10,0,"The right male swam to the female first.","2023-10-25 11:17:14",37,"2: female","None","correct","correct","correct","correct"
"VvNVOXIiiEjg",4,"1: I confirm","1: I will take it seriously","2: A little squid swam from the right to the left.","reversible","right","1: When the left male approached the female she turned purple, but as soon as he swam away from her again, she turned back to her natural brown.","1: When the right male approached the female she turned purple, but as soon as he swam away from her again, she turned back to her natural brown.",7,8,8,2,"The right male swam to the female first.","2023-10-25 10:47:28",55,"2: female",NA,"correct","correct","correct","correct"
"y98B2RJAIG4R",4,"1: I confirm","1: I will take it seriously","2: A little squid swam from the right to the left.","reversible","right","1: When the left male approached the female she turned purple, but as soon as he swam away from her again, she turned back to her natural brown.","1: When the right male approached the female she turned purple, but as soon as he swam away from her again, she turned back to her natural brown.",0,10,10,0,"The right male swam to the female first.","2023-10-25 10:47:24",68,"1: male",NA,"correct","correct","correct","correct"
"zgc21qYMxkmO",4,"1: I confirm","1: I will take it seriously","2: A little squid swam from the right to the left.","reversible","right","1: When the left male approached the female she turned purple, but as soon as he swam away from her again, she turned back to her natural brown.","1: When the right male approached the female she turned purple, but as soon as he swam away from her again, she turned back to her natural brown.",5,10,10,0,"The right male swam to the female first.","2023-10-25 11:20:21",23,"1: male","nothing","correct","correct","correct","correct"
"ZTRoUFdbSr1F",4,"1: I confirm","1: I will take it seriously","2: A little squid swam from the right to the left.","reversible","right","1: When the left male approached the female she turned purple, but as soon as he swam away from her again, she turned back to her natural brown.","1: When the right male approached the female she turned purple, but as soon as he swam away from her again, she turned back to her natural brown.",7,8,9,8,"The right male swam to the female first.","2023-10-25 11:17:03",46,"1: male",NA,"correct","correct","correct","correct"
